Leverandørnummer,Navn,Organisasjonsnummer,Telefonnummer,Telefonnr. mobil,E-postadresse,Postadresse Linje,Postadresse Postnr.,Postadresse Sted,Postadresse Land,Forretningsadresse Linje,Forretningsadresse Postnr.,Forretningsadresse Sted,Forretningsadresse Land
20047,2clean AS,987704918,,48 08 04 00,post@2clean.no,Hovfaret 4,275,OSLO,Norge,Hovfaret 4,275,OSLO,Norge
20311,4Service Kantine AS,990035946,,,,Brynsalleen 4,667,Oslo,,,,,
20444,07 Media Sør AS,913193911,,,,Industrigata 33,4632,KRISTIANSAND,,,,,
20234,130 Storebrand Pensjonstjenester,931936492,,,,Professor Kohts vei 9,1366,LYSAKER,,,,,
20439,Abe Star Parkett AS,981566459,,,,Vestbyveien 10,1914,YTRE ENEBAKK,,,,,
20200,Addsecure AS,976145178,81 53 37 00,,firmapost@addsecure.no,Postboks 6715 Etterstad,609,OSLO,Norge,Østensjøveien 18,661,OSLO,Norge
20058,Aftenposten AS,890412882,22 86 30 00,,Post@aftenposten.no,Postboks 1178,107,OSLO,Norge,Akersgata 55,180,OSLO,Norge
20015,Ahlsell Norge AS,910478656,51 81 85 00,,info@ahlsell.no,Postboks 184,4065,STAVANGER,Norge,Brobekkveien 80A,582,OSLO,Norge
20277,Aimo Park Norway AS (ANPR GL),946359106,,,,Ole Deviks vei 6C,666,OSLO,,,,,
20055,"Ajl - Andresen, Jacobsen &",988427047,22 62 74 25,91768952,ml@ajl.no,Postboks 150  Oppsal,619,OSLO,Norge,Olaf Helsets vei 6,694,OSLO,Norge
20207,Aj Produkter AS,933541835,67 02 42 00,,info@ajprodukter.no,Postboks 53,2041,KLØFTA,Norge,Myrvangvegen 14,2040,KLØFTA,Norge
20346,Alektum AS,950520140,33 74 45 00,,,Postboks 2370,3103,TØNSBERG,,Nedre Langgate 20,3126,TØNSBERG,Norge
20122,Aleris Helse AS,943545634,22 54 10 00,,,Fredrik Stangsg 11-13,264,OSLO,Norge,Fredrik Stangsg 11-13,264,OSLO,Norge
20092,Alfa Brannvern AS,990599963,,40489644,post@alfabrannvern.no,Postboks 87,3051,MJØNDALEN,Norge,Strandveien 29,3050,MJØNDALEN,Norge
20338,Alfa Laval Nordic AS,947932683,66 85 80 00,,,Postboks 96,1300,SANDVIKA,,Billingstadsletta 13,1396,BILLINGSTAD,
20059,Allkopi Netprint AS,920415326,3218,,faktura@allkopi.no,Postboks 33 Alnabru,614,OSLO,Norge,Luhrtoppen 2,1470,LØRENSKOG,Norge
20242,Als Laboratory Group Norway AS,991974482,22 13 18 00,93207897,finance.on@alsglobal.com,Postboks 643  Skøyen,214,OSLO,Norge,Drammensveien 264,283,OSLO,Norge
20459,Ambiplants AS,899517512,,,,Doneheia 167,4516,MANDAL,Norge,Doneheia 167,4516,MANDAL,Norge
20060,Amesto Solutions AS,980607259,81 56 82 00,922 03 214,solutions@amesto.no,Postbks 6395 Etterstad,604,OSLO,Norge,Smeltedigelen 1,195,OSLO,Norge
20322,Andersen Isolering AS,990364753,,,,Korsegårdveien 63,1812,ASKIM,,Korsegårdveien 63,1812,ASKIM,
20222,Apcoa Parking Norway AS,929292065,22 05 75 00,,post@europark.no,Postboks 4754 Nydalen,421,OSLO,Norge,Sandakerveien 138,484,OSLO,Norge
20447,Arntzen De Besche Advokatfirma AS,982409705,23 89 40 00,,oslo@adeb.no,Postboks 2734 Solli,204,OSLO,Norge,Bygdøy allé 2,257,OSLO,Norge
20428,Arper S.P.A.,,,,,Via Lombardia 16,31050,Monastier di Treviso,Italia,Via Lombardia 16,31050,Monastier di Treviso,Norge
20335,Arvato Finance AS,994210130,22 87 89 00,,,Postboks 331 Sentrum,101,OSLO,,Kongens gate 6,153,OSLO,
20299,Asker Byggtjenester Limited,994024434,,98207999,,Haugveien 4,3440,RØYKEN,,Haugveien 4,3440,RØYKEN,Norge
20361,ASKER TRELAST AS,933910105,,,,Skytterveien 121,1386,ASKER,,,,,
20082,Asko Øst AS,912015238,64 98 62 00,,02425@asko.no,Postboks 164,1541,VESTBY,Norge,Delitoppen 4,1540,VESTBY,Norge
20170,"As Nestle Norge, Divisjon Nespresso",986187391,22 13 31 50,,,Postboks 713 Skøyen,214,OSLO,Norge,c/o AS Nestlè Norge,1366,LYSAKER,Norge
20189,As Realbygg,950525932,22 07 18 00,,post@realbygg.no,Postboks 233 Alnabru,614,OSLO,Norge,Stanseveien 35,976,OSLO,Norge
20109,ASSA ABLOY Entrance Systems Norway AS,919496126,,,,Strømveien 179,650,Oslo,,,,,
20173,Assemblin AS,965808752,32 27 60 60,,post@assemblin.no,Bjørnstjerne Bjørnsons gate 110,3044,DRAMMEN,Norge,Bjørnstjerne Bjørnsons gate 110,3044,DRAMMEN,Norge
20142,Atea Finance AS,991029435,22 09 50 00,,,Postboks 6472 Etterstad,605,OSLO,Norge,Brynsalléen 2,667,OSLO,Norge
20424,Ateam Inneklimaservice AS,982175577,23 12 67 00,,,Tvetenveien 164,671,OSLO,Norge,Tvetenveien 164,671,OSLO,Norge
20343,AT RIGG BYGG AS,917395489,,,,LOSBYVEIEN 1,1475,FINSTADJORDET,,,,,
20328,Atw Service AS,977062543,22 79 68 68,,,Caspar Storms vei 14,664,OSLO,,Caspar Storms vei 14,664,OSLO,
20006,Avarn Security AS,943184097,91 50 25 80,,,Træleborgodden 6,3112,TØNSBERG,,Alf Bjerckes vei 1,582,OSLO,Norge
20292,Avida Finans Ab NUF,990728488,23 33 50 00,,,Postboks 1644 Vika,119,OSLO,Norge,Munkedamsveien 45A,250,OSLO,Norge
20342,Axflow AS,918210997,22 73 67 00,,,Postboks 98 LILLEAKER,216,OSLO,,Lilleakerveien 10,283,OSLO,
20378,Balder Tjenester AS,925170011,,,,Birkeveien 29A,1459,NESODDEN,,Birkeveien 29A,1459,NESODDEN,Norge
20024,Bama Storkjøkken Oslo AS,936966802,22 72 70 70,,bsk.oslo@bama.no,Postboks 263  Alnabru,614,OSLO,Norge,Nedre Kalbakkvei 40,1081,OSLO,Norge
20442,BDO AS,993606650,,,,Munkedamsveien 45A,250,Oslo,,,,,
20127,Beck Maskin AS,991750800,,,,Håndverksveien 7,1405,Langhus,,,,,
20046,Bedrifts-sikkerhet Morten Norgård,996276058,,922 55 090,morten@bedrifts-sikkerhet.no,Stordamveien 39A,671,OSLO,Norge,Stordamveien 39A,671,OSLO,Norge
20278,BEKKEN & STRØM AS,979703058,,,,2803 GJØVIK,2803,GJØVIK,,,,,
20416,Bella Fliser og Design AS,916796560,,,,Sankt Hallvards vei 15,3414,LIERSTRANDA,Norge,Sankt Hallvards vei 15,3414,LIERSTRANDA,Norge
20433,Bember AS,996812111,,917 22 223,,Holbergs gate 21,166,OSLO,Norge,Holbergs gate 21,166,OSLO,Norge
20041,Bene Agere Norden AS,998570220,22 43 28 76,90695450,,"Postboks 573  , Sentrum",105,OSLO,Norge,Bygdøy allé 2,257,OSLO,Norge
20087,Berg & Dahl AS,884047722,,,,Strandveien 55,1366,LYSAKER,,,,,
20083,Betongforsegling AS,968703994,22 13 43 20,,,Postboks 198,1330,FORNEBU,Norge,Rolfsbuktveien 19,1364,FORNEBU,Norge
20290,Bilfinger Industrial Services,988996564,35 92 20 00,,paul.rune.aasrum@bilfinger.com,Postboks 1094,3905,PORSGRUNN,Norge,Herøya Industripark,3936,PORSGRUNN,Norge
20410,BILIA NORGE AS,976023188,,,,"Postboks 154 Skøyen, 0212 Oslo",281,OSLO,,,,,
20150,Bimo AS,912312771,63 81 88 00,,post@bimo.no,Skjærvaveien 24,1466,STRØMMEN,Norge,Skjærvaveien 24,1466,STRØMMEN,Norge
20029,Biooffice AS,986753036,22 70 00 01,,gd@biooffice.no,c/o J & T Partner AS,1300,SANDVIKA,Norge,Bjørnheimveien 4G,1086,OSLO,Norge
20440,Bjørbekk & Lindheim AS,848285722,,,,Sagveien 23A,459,Oslo,,,,,
20400,Black Cat Kaffe og Tehus AS,912123553,22 06 29 90,,,Grini Næringspark 8D,1361,ØSTERÅS,,Grini Næringspark 8D,1361,ØSTERÅS,Norge
20353,BN kort,,,,,,,,,,,,
20119,Boon Edam AS,839623542,,,,Arnstein Arnebergsvei 30,1327,Lysaker,,,,,
20185,BOSVIK AS,910750852,,,,Risørveien 667,4950,RISØR,,,,,
20136,Boxon AS,992815922,31 30 19 00,975 82 804,knut-arne@protega.com,Postboks 4108,3005,DRAMMEN,Norge,Knud Schartums gate 7,3045,DRAMMEN,Norge
20032,Brage Finans AS,995610760,55 61 00 50,,regnskap@brage.no,Postboks 7780,5020,BERGEN,Norge,Jonsvollsgaten 2,5011,BERGEN,Norge
20423,Brannfag AS,918084606,,,,Drammensveien 91B,271,OSLO,Norge,Drammensveien 91B,271,OSLO,Norge
20204,Brann- og redningsetaten,876820102,,,,Arne Garborgs pl. 1,179,OSLO,,,,,
20137,Brannslokkesystemer AS,999157386,,,,Thorudveien 40,1912,ENEBAKK,Norge,Thorudveien 40,1912,ENEBAKK,Norge
20025,Bravida Norge AS,987582561,24 04 80 00,95228535,bravida@bravida.no,Postboks 313  Økern,511,OSLO,Norge,Østre Aker vei 90,596,OSLO,Norge
20009,Bravo Audiovisual AS,912235157,4724076060,,faktura@bravoav.no,Grev Wedels plass 9,151,OSLO,Norge,Grev Wedels plass 9,151,OSLO,Norge
20306,Brekke & Strand Akustikk AS,916863071,,,,Postboks 1024 Hoff,218,OSLO,,Hovfaret 17,275,OSLO,Norge
20017,Brest AS,998391652,,,post@brest.no,Postboks 103,1312,SLEPENDEN,Norge,Nordre Øverberg 2,1397,NESØYA,Norge
20112,Brubakken AS,930730556,35 93 04 00,,,Postboks 1085,3905,PORSGRUNN,Norge,Floodmyrvegen 26,3946,PORSGRUNN,Norge
20014,Brødrene Dahl A/s,945757280,22 72 55 00,,post@dahl.no,Postboks 6146 Etterstad,602,OSLO,Norge,Brynsengveien 5,667,OSLO,Norge
20457,Bsh Husholdningsapparater AS,942381115,22 66 06 00,97790000,,"P.b. 6593 Etterstad, 0607 Oslo",667,OSLO,Norge,Brynsveien 18A,667,OSLO,Norge
20156,B Tørre AS,928271153,32 79 18 30,,b.toerre@online.no,Postboks 100,3476,SÆTRE,Norge,Sætretunet 10B,3475,SÆTRE,Norge
20203,Buysec AS,971199954,32 72 70 00,,office@buysec.no,Strandveien 7,3050,MJØNDALEN,Norge,Strandveien 7,3050,MJØNDALEN,Norge
20227,Bvs Brannvernsystemer AS,985172722,51 54 72 00,,,Nedre Banegate 19,4014,STAVANGER,,Nedre Banegate 19,4014,STAVANGER,Norge
20131,Byggbelegg Elvestad AS,974989786,,,,Cecilie Thoresensv 5 B,1153,Oslo,Norge,,,,
20362,Byggesystemer Oslo AS,958656866,,908 04 000,,Bilittveien 1,1407,VINTERBRO,,Bilittveien 1,1407,VINTERBRO,Norge
20294,Byggmakker Sør AS,988396575,61 17 40 00,,,Postboks 723,2805,GJØVIK,Norge,Ringvegen 26,2816,GJØVIK,Norge
20349,Bygg Prosjektledelse Nordskog-inger,921338643,,,,Hvittingfossveien 266,3089,HOLMESTRAND,,Hvittingfossveien 266,3089,HOLMESTRAND,Norge
20174,Bymiljøetaten,996922766,,,,Karvesvingen 3,579,OSLO,,,,,
20005,Bærum Septik og Transportforretning AS,922208352,67 53 47 35,,septas@online.no,Postboks 12,1305,HASLUM,Norge,Bjørnemyrsveien 2,1344,HASLUM,Norge
20138,Canal Digital AS,977273633,67 89 00 00,,,Postboks 800,1331,FORNEBU,Norge,Snarøyveien 30,1360,FORNEBU,Norge
20068,Canon Norge AS,914664292,22 62 92 00,,canon@canon.no,Postboks 33   Holmlia,1201,OSLO,Norge,Hallagerbakken 110,1256,OSLO,Norge
20194,Cardtech AS,885128882,45 22 44 00,,post@cardtech.no,Postboks 255  Alnabru,614,OSLO,Norge,Strømsveien 258,668,OSLO,Norge
20406,Carglass AS,985758220,22 70 76 00,,,Postboks 6452 Etterstad,605,OSLO,Norge,Ensjøveien 17,655,OSLO,Norge
20445,Cc Vest Stormarked AS,953286068,,,,Postboks 100 LILLEAKER,216,OSLO,Norge,Lilleakerveien 16,283,OSLO,Norge
20111,Centrum Elektriske AS,912609413,,,,Brynsveien 18,667,OSLO,Norge,Brynsveien 18,667,OSLO,Norge
20011,Certego AS,977023637,9145,,post@certego.no,Postboks 2497 Solheimsviken,5824,BERGEN,Norge,Fabrikkgaten 5,5059,BERGEN,Norge
20050,Claussen & Heyerdahl AS,911069555,23 39 66 80,,,Gunnar Schjelderups vei 9,485,OSLO,Norge,Gunnar Schjelderups vei 9,485,OSLO,Norge
20418,Compass Group Norge AS,952507729,,,,Drengsrudbekken 12,1371,ASKER,,,,,
20431,Concept 2 Norge AS,997642163,,,,Grini Næringspark 3,1361,ØSTERÅS,,,,,
20232,Conecto AS,952226010,67 15 78 80,,conecto@conecto.no,Postboks 85,1332,ØSTERÅS,Norge,Grini Næringspark 17,1361,ØSTERÅS,Norge
20393,Copycat AS,976814630,8180,,,Olav Brunborgs vei 6,1396,BILLINGSTAD,,Askekroken 7,277,OSLO,Norge
20249,Coromatic AS,936992234,,,,Postboks 777,1411,KOLBOTN,,,,,
20379,CORROTEAM AS,933842185,,,,Papyrusveien 33,3050,MJØNDALEN,,,,,
20280,Cowab AS,993380407,63 94 76 60,,info@cowab.no,Postboks 288,2041,KLØFTA,Norge,Kongsvingervegen 6,2040,KLØFTA,Norge
20265,Crema Kaffebrenneri AS,934459768,,,,Råstadv. 186,3239,SANDEFJORD,,,,,
20347,Crifo Trading AS,995189267,,906 31 931,,Postboks 23,1917,YTRE ENEBAKK,,Vangsveien 10,1814,ASKIM,Norge
20143,Curotech AS,979573464,38 02 60 00,90168709,epost@curotech.no,Markens gate 34,4612,KRISTIANSAND S,Norge,Markens gate 34,4612,KRISTIANSAND S,Norge
20178,Dagens Næringsliv AS,960356071,,,,Postboks 1182 Sentrum,107,OSLO,Norge,Christian Krohgs gate 16,186,OSLO,Norge
20089,Daikin Airconditioning Norway AS,837530792,23 24 59 50,,,Østensjøveien 39,667,OSLO,Norge,Østensjøveien 39,667,OSLO,Norge
20302,Dan Construct AS,915386180,,,,Jongsåsveien 3,1338,SANDVIKA,,,,,
20269,Dansani AS,961621615,23 05 21 50,,,Postboks 6661 Etterstad,609,OSLO,Norge,Karoline Kristiansens vei 8,661,OSLO,Norge
20133,Dekk1 avd. Stabekk,979579292,,,,Stabekk,1368,STABEKK,,,,,
20419,Dekkmann AS,966242825,23 06 81 00,,,Postboks 135 Bryn,611,OSLO,Norge,Fredrik Selmers vei 3,663,OSLO,Norge
20213,Dhl Express (norway) AS,960709985,66 92 80 00,,,Postboks 154 Leirdal,1009,OSLO,Norge,Gneisveien 3,2020,SKEDSMOKORSET,Norge
20266,DIBkunnskap AS,974379511,,,,Strandveien 50C,1366,Lysaker,,,,,
20282,Dieselmann AS,919263636,,,,Storbråtagutua 3,2080,EIDSVOLL,Norge,Storbråtagutua 3,2080,EIDSVOLL,Norge
20403,Directa AS,992356898,69 10 26 60,,,Skjebergveien 200,1743,KLAVESTADHAUGEN,,,,,
20166,Djerving AS,965452656,22 99 11 10,,firmapost@klu.no,Hausmanns gate 6,186,OSLO,Norge,Hausmanns gate 6,186,OSLO,Norge
20061,Dnb Bank ASA,984851006,3000,,04800@dnb.no,Postboks 1600 Sentrum,21,OSLO,Norge,Dronning Eufemias gate 30,191,OSLO,Norge
20336,Dokumentert AS,912855929,,,,Hoffsveien 9,218,OSLO,,,,,
20449,Domeneshop AS,976769678,,,,Chr Krohgs gate 16,186,Oslo,,,,,
20193,Dr. Ing. A. Aas-Jakobsen AS,941019285,,,,,283,Oslo,,,,,
20110,Duri Fagprofil AS,929381998,24 13 13 50,,,Bygg 8,582,OSLO,Norge,Bygg 8,582,OSLO,Norge
20264,Dykkerteknikk AS,913322886,,928 20 400,post@dykkerteknikk.no,Postboks 58,3481,TOFTE,Norge,Østre Strandvei 52,3482,TOFTE,Norge
20414,Dykkerteknikk AS (nye),927610418,,,,Postboks 58,3481,TOFTE,,,,,
20171,Ecliptic AS,997800354,,,,Enebakkveien 133,680,Oslo,,,,,
20094,Ecolab AS,916070276,22 68 18 00,,mette.israelsen@ecolab.com,Postboks 6440 Etterstad,605,OSLO,Norge,Innspurten 9,663,OSLO,Norge
20460,Eikland Energy AS,815346262,66 90 02 57,995 17 555,,Erlands vei 14,1392,VETTRE,Norge,Erlands vei 14,1392,VETTRE,Norge
20296,EIVA-SAFEX AS,951081817,,,,POSTBOKS 2040,3103,TØNSBERG,,,,,
20190,"Elavon Financial Services Dac,",991283900,22 43 22 00,,brukersted@elavon.com,Postboks 354  Skøyen,213,OSLO,Norge,Karenslyst allé 11,278,OSLO,Norge
20408,Electrolux Home Products Norway AS,914770009,81 53 02 22,,,"Postboks 91, Lilleaker",216,OSLO,Norge,Drammensveien 260,283,OSLO,Norge
20161,Electrolux Professional AS,923830197,81 53 01 11,,daniel.blom-bakke@electrolux.com,Postboks 67 Lilleaker,216,OSLO,Norge,Drammensveien 260,283,OSLO,Norge
20332,Elektroimportøren Norge AS,914939828,,,,Nedre Kalbakkvei 88,1081,OSLO,,Nedre Kalbakkvei 88,1081,OSLO,
20062,Elektroniske Betalings Systemer AS,980270297,66 80 50 20,,,Glynitveien 21,1400,SKI,Norge,Glynitveien 21,1400,SKI,Norge
20206,Element Arkitekter AS,981319656,,,,"Maridalsveien 3, inngang N",178,Oslo,,,,,
20246,Elis Norge AS,930151246,22 88 48 00,,,Postboks 6650 Etterstad,609,OSLO,,Smeltedigelen 1,195,OSLO,Norge
20121,Ellingard Naturstein AS,971155949,,,,Østre Akervei 103,409,OSLO,,,,,
20432,Elvia AS,980489698,2024,,,Postboks 4100,2307,HAMAR,Norge,Vangsvegen 73,2317,HAMAR,Norge
20314,Energico AS,814080382,22 65 21 65,,,Økernveien 121,579,OSLO,,Økernveien 121,579,OSLO,
20363,Energima Solel AS,914143950,,,,Fornebuveien 50,214,Oslo,,,,,
20456,Ennte AS,997971671,,,,Slynga 10,2005,RÆLINGEN,,,,,
20066,Entelios AS,819449392,,,contact.nordic@entelios.com,Postboks 603 Lundsiden,4606,KRISTIANSAND S,Norge,Kjøita 18,4630,KRISTIANSAND S,Norge
20052,Entro AS,985622914,73 87 13 00,,entro@entro.no,Postboks 6064 Torgard,7434,TRONDHEIM,Norge,Sluppenvegen 17B,7037,TRONDHEIM,Norge
20334,ENTRO IT AS - A Ørn Software Company,926166697,,,,Bassengbakken 4,7042,TRONDHEIM,,,,,
20054,Envatec AS,915465706,,46 86 52 25,kjell@envatec.no,Åsaveien 89A,3531,KROKKLEIVA,Norge,Åsaveien 89A,3531,KROKKLEIVA,Norge
20223,Enviropac AS,976714482,22 70 00 80,,info@enviropac.no,Postboks 128 Kalbakken,902,OSLO,Norge,Kakkelovnskroken 1,954,OSLO,Norge
20247,Enwa Support AS,992592451,,,,Nordre Kullerød 9,3241,Sandefjord,,,,,
20239,Epall Norge AS,999529194,,,info@epall.no,c/o BDO AS,2001,LILLESTRØM,Norge,Brobekkveien 100E,582,OSLO,Norge
20448,Ergopartner,997015347,4721520000,,,c/o Ergopartner AS Nydalsveien 28,484,OSLO,Norge,c/o Ergopartner AS Nydalsveien 28,484,OSLO,Norge
20415,Euroshopper Group AS,925554804,,,,Solgaard skog 120,1599,MOSS,Norge,Solgaard skog 120,1599,MOSS,Norge
20113,EuroSign AS,975840905,,,,Stanseveien 21,975,Oslo,,,,,
20344,Everlite AS,825602852,,,,Jon Leiras vei 10,3440,Røyken,,,,,
20340,Evry Financing AS,976788109,6500,,,Postboks 4,1330,FORNEBU,,Snarøyveien 30A,1360,FORNEBU,
20176,Evry Norge AS,933012867,22 52 80 80,,evry@evry.com,Postboks 4,1330,FORNEBU,Norge,Snarøyveien 30A,1360,FORNEBU,Norge
20031,Fablab Design AS,994970577,,45280042,siv@fablabdesign.com,1. etg.,875,OSLO,Norge,1. etg.,875,OSLO,Norge
20020,Facilitec AS,995437996,21 60 75 00,,,Industriveien 8B,1461,LØRENSKOG,,Industriveien 8B,1461,LØRENSKOG,Norge
20040,Facility Support AS,920480535,,,espen@facilitysupport.no,Lierstranda 98B,3414,LIERSTRANDA,Norge,Lierstranda 98B,3414,LIERSTRANDA,Norge
20455,Field Group AS,986276092,45 46 63 00,975 96 868,,Vækerøveien 3,281,OSLO,Norge,Vækerøveien 3,281,OSLO,Norge
20186,Filippa K AS,979110642,22 40 38 40,,,Skovveien 17,257,OSLO,Norge,Skovveien 17,257,OSLO,Norge
20327,FINN NO AS,981159772,,,,Postboks 747 Sentrum,106,OSLO,,,,,
20212,Firesafe AS,958249799,22 72 20 20,,firmapost@firesafe.no,Postboks 6411 Etterstad,605,OSLO,Norge,Robsrudskogen 15,1470,LØRENSKOG,Norge
20253,Fitness Brands Norway AS,984045719,69 34 36 20,95776610,trond.karlsen@fitnessbrands.com,Bjørnstadveien 16,1712,GRÅLUM,Norge,Bjørnstadveien 16,1712,GRÅLUM,Norge
20426,Fitness Engros Norge AS,913191595,,,,c/o Fitness Engros AS Snekker vej 4-6,3408,2630 Tåstrup,Danmark,Dølasletta 5,3408,TRANBY,Norge
20164,Fitshop Copenhagen,,4 538 281 080,,kbh@fitshop.dk,"Frederikssundsvej 316, DK-2700 Brønshøj",DK-2700,Brønshøj,Danmark,,,,
20396,Fjellinjen,941856543,,,,"Postboks 459, sentrum",105,OSLO,,,,,
20450,FlytteEksperten AS,912177823,,,,Selma Ellefsens vei 8,581,Oslo,,,,,
20366,Foldal Stempel AS,992846879,,,,Follestaddalen 1042,6156,Ørsta,,,,,
20180,Fonus AS,913040341,22 70 32 32,,,Grenseveien 74,663,OSLO,Norge,Grenseveien 74,663,OSLO,Norge
20115,Foodtech Interiør og Storkjøkken AS,910806858,22 08 70 70,,,Postboks 83 Kalbakken,902,OSLO,,Sven Oftedals vei 10,950,OSLO,Norge
20132,Form/funk AS,995253542,,,,Ryenstubben 3,679,OSLO,Norge,Ryenstubben 3,679,OSLO,Norge
20286,Fortum Markets AS,981219082,21 49 69 10,,kundeservice@fortum.com,Postboks 124,1713,GRÅLUM,Norge,Rådmann Siras vei 1,1712,GRÅLUM,Norge
20053,Fortum Tellier AS,983995691,4721494949,,,Postboks 184 Skøyen,212,OSLO,Norge,Skøyen,277,OSLO,Norge
20355,FP System Design AS,986447679,,,,Stallbakken 5,2005,RÆLINGEN,,,,,
20036,Franzefoss Gjenvinning AS,975265412,67 15 20 00,,firmapost@franzefoss.no,Postboks 53,1309,RUD,Norge,Olav Ingstadsv 5,1351,RUD,Norge
20273,Franzefoss Pukk AS,982153018,,,,Olav Ingstads vei 5,1351,Rud,,,,,
20039,Fremtind Service AS,922177724,,,,Postboks 393 Sentrum,103,OSLO,,Hammersborggata 2,181,OSLO,Norge
20443,FYSIORETTHJEM AS,922150575,,,,c/o Jemco Executive Oscars gate 81,256,OSLO,,,,,
20063,Gartner Øyvind Næss,988838497,,95809170,oynaess@online.no,Kjekstadvegen 28,2760,BRANDBU,Norge,Kjekstadvegen 28,2760,BRANDBU,Norge
20263,GERDMANS INNREDNINGER AS,934650875,,,,POSTBOKS 488,N-1302,SANDVIKA,,,,,
20281,Glassfabrikken AS,967067105,33 13 70 00,,glass@glassfabrikken.no,Hegdalveien 101,3261,LARVIK,Norge,Hegdalveien 101,3261,LARVIK,Norge
20256,GlassTeam AS,912792307,,,,Trykkeriveien 4,1653,SELLEBAKK,,,,,
20027,Glasstjenester AS,990800014,32 85 40 36,920 15 715,espen@glasstjenester.no,Svendsemarka 10,3409,TRANBY,Norge,Svendsemarka 10,3409,TRANBY,Norge
20123,Globalconnect AS,890164072,7900,,resepsjonen@broadnet.no,Postboks 54,1324,LYSAKER,Norge,Snarøyveien 36,1364,FORNEBU,Norge
20434,Gnp Energy Norge AS,895691232,21 65 10 00,,,Raveien 422,3239,SANDEFJORD,Norge,Raveien 422,3239,SANDEFJORD,Norge
20407,Gothia AS,957294227,22 87 89 00,,,Postboks 115 Sentrum,7901,RØRVIK,Norge,Kongens gate 6,153,OSLO,Norge
20139,Graphisoft Norge / Arktis AS,863355052,,,,Fridtjof Nansens vei 17,369,Oslo,,,,,
20315,Green Apple AS,928380351,22 13 30 40,,,Hoffsveien 15,275,OSLO,,Hoffsveien 15,275,OSLO,
20390,Grindaker AS,944389407,23 11 34 40,,,Postboks 1340 Vika,113,OSLO,,Rådhusgata 25,158,OSLO,Norge
20243,Gårdreform Snø og Grønt AS,965360263,22 38 38 38,,,Postboks 6782 Rodeløkka,503,OSLO,Norge,Verkseier Furulunds vei 41,668,OSLO,Norge
20441,Hafslund Oslo Celsio AS,977296919,22 43 59 80,,,Postboks 1022 Hoff,218,OSLO,Norge,Askekroken 11,277,OSLO,Norge
20317,Hanske-companiet AS,932935163,64 93 99 00,,,Postboks 195,1441,DRØBAK,,Hestehagen 3,1448,DRØBAK,
20019,Hansteen Eriksen & Sønner AS,925064378,61 32 23 91,91178983,hesmur@online.no,C/o Jan Eriksen,2740,ROA,Norge,C/o Jan Eriksen,2740,ROA,Norge
20028,Haugen Trepleie,996840611,,970 16 186,aadnehaugen@hotmail.com,Rødbergveien 5B,591,OSLO,Norge,Rødbergveien 5B,591,OSLO,Norge
20034,H C Thauglands Trælastforretning AS,916693036,23 39 36 00,,post@thaugland.no,Vitaminveien 5,485,OSLO,Norge,Vitaminveien 5,485,OSLO,Norge
20241,Hegnar Media AS,930213675,23 29 63 00,,,Postboks 724 Skøyen,214,OSLO,Norge,Hoffsveien 70A,377,OSLO,Norge
20155,Henrik O Heen AS,912537544,22 16 11 80,,,Østre Aker vei 215,975,OSLO,Norge,Østre Aker vei 215,975,OSLO,Norge
20420,Henriksen Snekkeri AS,982903742,37 09 95 05,,,Hans Thornes vei 20,4846,ARENDAL,Norge,Hans Thornes vei 20,4846,ARENDAL,Norge
20211,Honeywell Life Safety AS,981336305,32 24 48 00,,fire.safety@honeywell.com,Postboks 3514,3007,DRAMMEN,Norge,Lierstranda Industriområde,3414,LIERSTRANDA,Norge
20202,Horeca Akademiet AS,921667817,,,,c/o Ole Anders Grong,6153,ØRSTA,Norge,c/o Ole Anders Grong,6153,ØRSTA,Norge
20199,Hth Kjøkken Østfold AS,915928773,69 00 02 00,,,C/O HTH AS,250,OSLO,Norge,Dikeveien 23A,1661,ROLVSØY,Norge
20001,Haaland Klima AS,986897526,23 12 54 00,,firmapost@haaland-klima.no,Postboks 6352 Etterstad,604,OSLO,Norge,Høyenhallveien 2,667,OSLO,Norge
20104,iAlarm AS,987547227,,,,Smalvollveien 44,667,OSLO,,,,,
20367,Ibinder Norge AS,926103520,,,,Bedriftssenteret Postboks 474,1411,KOLBOTN,,Rosenholmveien 25,1414,TROLLÅSEN,Norge
20389,Ice Communication Norge AS,912672808,,,,Nydalsveien 18B,484,OSLO,,Nydalsveien 18B,484,OSLO,Norge
20272,Icopal AS,911671549,67979000,,post@icopal.com,Postboks 55,1477,FJELLHAMAR,Norge,Fjellhamarveien 52,1472,FJELLHAMAR,Norge
20215,If Skadeforsikring Norsk Avdeling,981290666,,,,Postboks 240,1326,LYSAKER,Norge,Drammensveien 264,283,OSLO,Norge
20078,"Ikano Bank Ab (publ), Norway Branch",993417262,66 85 86 40,,kundeservice@ikano.no,Postboks 295,1372,ASKER,Norge,Skysstasjon 11B,1383,ASKER,Norge
20259,Industri og Boligprodukter AS,945048247,23 24 48 00,,,Brobekkveien 80C,582,OSLO,Norge,Brobekkveien 80C,582,OSLO,Norge
20313,Inergeo AS,998199492,,90579409,,Nimannsveien 10,3022,DRAMMEN,,Nimannsveien 10,3022,DRAMMEN,
20436,Input Interior Norway AS,941920020,21 02 35 00,,,Drammensveien 130,277,OSLO,Norge,Drammensveien 130,277,OSLO,Norge
20257,Installasjonsfirmaet Owesen AS,933300048,67 17 89 00,,,Postboks 62,1309,RUD,Norge,Vakåsveien 9,1395,HVALSTAD,Norge
20192,Intec Pumper AS,858454662,64 97 07 00,91102668,hellem@intecpumper.no,Kongeveien 220,1407,VINTERBRO,Norge,Kongeveien 220,1407,VINTERBRO,Norge
20101,INTEP AS,976252829,,,,JOHAN SCHARFFENBERGS VEI 95,694,OSLO,,,,,
20305,Interiøragenturer J. Sveen AS,933276023,22 54 03 07,,,Arnstein Arnebergs vei 3,274,OSLO,,Arnstein Arnebergs vei 3,274,OSLO,Norge
20303,Isachsen Anlegg AS,970999507,,,,Teglverksveien 100,3057,SOLBERGELVA,,,,,
20240,Ishavskraft AS,979139268,78 44 96 50,,firmapost@ishavskraft.no,Postboks 1374,9506,ALTA,Norge,Løkkeveien 33,9510,ALTA,Norge
20333,ISOVATOR AS,974273845,,,,HORGENVEIEN 227,3303,Hokksund,,,,,
20003,Iss Facility Services AS,914791723,22 88 50 00,,kundesenter@iss.no,Postboks 132  Økern,509,OSLO,Norge,Smeltedigelen 1,195,OSLO,Norge
20117,Itek AS,873194472,37 26 70 00,,ivar@itekas.no,Postboks 78,4791,LILLESAND,Norge,Havnegata 1,4790,LILLESAND,Norge
20128,Jan Bråthen Tekstilprofilering,971088591,,907 64 366,post@braathentekstil.no,Dalheimveien 9C,198,OSLO,Norge,Dalheimveien 9C,198,OSLO,Norge
20160,JET Bramo AS,960828305,,,,Postboks 222,3421,LIERSKOGEN,,,,,
20033,Johnson Controls Norway AS,940729092,23 03 61 00,,firmapost@jci.com,Ensjøveien 23B,661,OSLO,Norge,Ensjøveien 23B,661,OSLO,Norge
20229,Jon Oscar Utseth Njerve,,,45216582,,Krumgata 14,1396,Billingstad,,,,,
20284,Jon Åge Aarhus,969922274,,,,Ålandsvegen 72,2170,FENSTAD,Norge,Ålandsvegen 72,2170,FENSTAD,Norge
20446,Jureova og Valko Gaustaservice ANS,912685292,,452 42 523,,Postboks 95,3661,RJUKAN,Norge,Brendstaultunet B02B,3660,RJUKAN,Norge
20085,Kaffeknappen Norge AS,921154003,,,,Økernveien 121,579,OSLO,Norge,Økernveien 121,579,OSLO,Norge
20350,Karcher A.s,929066669,24 17 77 00,,,Postboks 114 Grorud,905,OSLO,,Stanseveien 31,976,OSLO,Norge
20201,Ken Hygiene Systems AS,924869860,22 79 33 00,,ken-no@ken.no,Verkseier Furulunds vei 21,668,OSLO,Norge,Verkseier Furulunds vei 21,668,OSLO,Norge
20073,Keylink AS,980871606,66 77 93 01,,postmaster@keylink.no,Nye Vakås vei 64,1395,HVALSTAD,Norge,Nye Vakås vei 64,1395,HVALSTAD,Norge
20230,Kinly AS,980363198,51 20 50 00,,post@vijugroup.com,Postboks 8026,4068,STAVANGER,Norge,Luramyrveien 79,4313,SANDNES,Norge
20091,Kinnarps AS,983060072,67 16 71 00,,,Postboks 93,1332,ØSTERÅS,Norge,Grinidammen 4,1359,EIKSMARKA,Norge
20002,Kiwa Norkjemi AS,987766670,24 11 85 46,,post@norkjemi.no,Brobekkveien 107,582,OSLO,Norge,Brobekkveien 107,582,OSLO,Norge
20319,Klarna Bank Ab,912266915,,,,c/o Klarna Norge AS Kronprinsens gate 5,251,OSLO,,Sveavägen 46,,SE-111 34 STOCKHOLM,
20261,KlimaControl AS,979122314,,,,Ole Deviks vei 46,668,OSLO,,,,,
20250,Kluge Advokatfirma AS,913296117,,,,Olav Kyrres gate 21 Herbarium Postboks 277,4068,STAVANGER,,,,,
20345,Kompetansebedriften AS,915131670,,,,Aasta Hansteens vei 3,988,OSLO,,,,,
20392,Komplett Bedrift,979642121,,,,Østre Kullerød 4,3241,Sandefjord,,,,,
20124,Kone Aksjeselskap,918201548,22 58 70 00,,konenorge@kone.com,Postboks 6009 Etterstad,601,OSLO,Norge,Ryenstubben 12,679,OSLO,Norge
20030,Konsulent Data & Restaurant AS,967455245,23 03 12 00,,kdr@kdr.no,Brynsengveien 2,667,OSLO,Norge,Brynsengveien 2,667,OSLO,Norge
20304,Kontor & Interiør AS,980895394,,,,Tuneveien 2,1710,SARPSBORG,,,,,
20051,Korsbakken Bad AS,930901539,22 35 27 60,,firmapost@korsbakken.no,Postboks 4365 Nydalen,402,OSLO,Norge,Hasleveien 28,571,OSLO,Norge
20452,Kosan Gas Norge AS,884070422,22 88 30 80,,,Brynsveien 2 - 4,667,OSLO,Norge,Brynsveien 2 - 4,667,OSLO,Norge
20175,Kredinor Finans AS,984467990,,,,PB. 782 - SENTRUM,106,OSLO,,,,,
20289,Kredinor SA,953556472,22 00 91 00,,firmapost@kredinor.no,Postboks 782 SENTRUM,106,OSLO,Norge,Rådhusgata 27,158,OSLO,Norge
20283,Kreditorforeningen Øst SA,952107402,62 88 89 50,,kongsvinger@kred.no,Postboks 6,2201,KONGSVINGER,Norge,Fjellgata 5,2212,KONGSVINGER,Norge
20233,Kredittkort,,,,,,,,,,,,
20369,Krohnark AS,917936927,,,,Waldemar Thranesgate 84 C,175,Oslo,,,,,
20323,Kubik Interiørarkitekter AS,999520979,,,,Rosenkrantzgate 7,159,Oslo,,,,,
20411,Kvadrat Norge AS,987611146,22 44 54 90,,,c/o Haslestad Regnskap Postboks 430 Skøyen,213,OSLO,Norge,Biermanns gate 6,473,OSLO,Norge
20183,Kvintblendex AS,963667337,23 00 51 50,,,Sinsenveien 53 A,585,OSLO,Norge,Sinsenveien 53 A,585,OSLO,Norge
20276,Landsforeningen For Hjerte Og,940190738,67 02 30 00,,post@lhl.no,Postboks 4246 Nydalen,401,OSLO,Norge,Vitaminveien 1A,485,OSLO,Norge
20116,Lekkasjesøkeren AS,913336569,,,,Tyslevveien 60,1163,OSLO,Norge,Tyslevveien 60,1163,OSLO,Norge
20255,L-flis og Interiør AS,852433582,22 80 18 00,901 72 159,,Ole Deviks vei 36,668,OSLO,Norge,Ole Deviks vei 36,668,OSLO,Norge
20372,Lightup AS,927479125,,988 59 898,,Ole Nielsens vei 13,4330,ÅLGÅRD,,Ole Nielsens vei 13,4330,ÅLGÅRD,Norge
20035,Linde Gas AS,934863909,23 17 72 00,,,Postboks 13 Nydalen,409,OSLO,,Gjerdrums vei 8,484,OSLO,Norge
20325,Lindorff AS,835302202,23 21 10 00,,,Postboks 7055,3007,DRAMMEN,,Hoffsveien 70B,377,OSLO,
20100,Lingu Norge AS,912774031,40 30 00 42,,,Madlaveien 10,4010,STAVANGER,Norge,Madlaveien 10,4010,STAVANGER,Norge
20364,Lux Fitness AS,920238165,,977 89 081,,Høgahaug 55,5563,FØRRESFJORDEN,,Høgahaug 55,5563,FØRRESFJORDEN,Norge
20309,Lyreco Norge AS,916315031,21 03 03 00,,,Postboks 3,1901,FETSUND,,Heiaveien 6,1900,FETSUND,
20010,Løvenskiold Handel AS,980079872,22 13 20 00,,post@lovenskiold.no,Postboks 38   Skøyen,212,OSLO,Norge,Drammensveien 230,277,OSLO,Norge
20158,Malerfirma Brandsdal AS,914814421,,901 90 366,,Rognerudveien 43A,681,OSLO,Norge,Rognerudveien 43A,681,OSLO,Norge
20382,Malling & Co Energi og Miljø AS,914872898,,,,Dronning Mauds gate 15,250,Oslo,,,,,
20254,Malorama AS,988950475,62 51 94 00,,post@malorama.no,Postboks 22   Økern,508,OSLO,Norge,Alf Bjerckes vei 10,582,OSLO,Norge
20430,Map Media Solutions AS,998041767,,,,Ringvegen 23,2066,Jessheim,,,,,
20312,MARKER KOMMUNE - DIVERSE FAKTURERING,964944334,,,,POSTBOKS 114,1871,ØRJE,,,,,
20451,Maske AS,975872378,2120,,,Postboks 2432 Torgarden,7005,TRONDHEIM,Norge,Løvåsmyra 2,7093,TILLER,Norge
20453,MASKIN OG TRUCKOPPLÆRING AS,914585848,,,,Marikåpeveien 27,1529,Moss,,,,,
20359,Merkefabrikken as,911674394,,,,Store Strandgate 33,N-1550,Hølen,,,,,
20012,Metos AS,938454213,93 26 38 67,,metos.norway@metos.no,Postboks 184  Holmlia,1203,OSLO,Norge,Rosenholmveien 4A,1252,OSLO,Norge
20088,Mis - Moss Isolasjonsservice AS,981934571,99 52 27 32,99522732,moss@isolasjon.no,Postboks 2104,1521,MOSS,Norge,Årvollskogen 46,1529,MOSS,Norge
20384,Mitt Dekkhotell Fornebu AS,923039767,23880205,,,Østre Aker vei 24B,581,OSLO,,Tornsangerveien 25,1360,FORNEBU,Norge
20301,Modulvegger Oslo AS,930114065,,,,Gladengveien 14,603,OSLO,,,,,
20096,Moelven Modus AS,951269778,6050,,post.modus@moelven.no,Postboks 63,2051,JESSHEIM,Norge,Asfaltvegen 1,2069,JESSHEIM,Norge
20177,Monterings-service AS,927441799,32 16 13 10,,,Postboks 22,3538,SOLLIHØGDA,Norge,Tjernslivegen,3538,SOLLIHØGDA,Norge
20248,Moss Elektro AS,943267596,69 20 96 60,,,Postboks 556  Høyden,1522,MOSS,Norge,Årvollskogen 10,1529,MOSS,Norge
20130,Motek AS,920295932,,,,Alf Bjerckes vei 22b,508,OSLO,,,,,
20297,M-tek AS,984679920,32 21 32 00,,,Kobbervikdalen 119 C,3036,DRAMMEN,,Kobbervikdalen 119 C,3036,DRAMMEN,Norge
20307,Multiconsult Norge AS,918836519,,,,Nedre Skøyen vei 2,276,Oslo,,,,,
20004,Multimaskin AS,936261892,22 65 79 40,,,Postboks 30   Alnabru,614,OSLO,Norge,Brobekkveien 113,582,OSLO,Norge
20391,Møller Bil Romerike AS,964995923,24 03 26 00,,,Postboks 6683 Etterstad,609,OSLO,,Hvamstubben 8,2013,SKJETTEN,Norge
20064,Møller Bil Vest AS,928481638,24 03 24 00,,,Postboks 6673 Etterstad,609,OSLO,Norge,Billingstadsletta 2,1396,BILLINGSTAD,Norge
20320,Møller Bil Øst AS,917805717,24 03 23 00,,,Postboks 6674 Etterstad,609,OSLO,,Enebakkveien 154,680,OSLO,
20042,Neo-select AS,952024736,32 24 44 64,,post@neoselect.no,Postboks 45,3421,LIERSKOGEN,Norge,Gamle Drammensvei 94,3420,LIERSKOGEN,Norge
20021,Nerligruppen AS,994910434,,922 81 950,faktura@nerligruppen.no,Skårersletta 45,1473,LØRENSKOG,Norge,Skårersletta 45,1473,LØRENSKOG,Norge
20214,NETTSOFT AS,959102384,,,,Strømsveien 258,668,OSLO,,,,,
20023,Nettverksspesialisten AS,914062802,,,,Gaustadalléen 21,349,OSLO,,Gaustadalléen 21,349,OSLO,Norge
20221,Nippon Gases Norge AS,945772042,4277,,bs_no@praxair.com,Postboks 23   Haugenstua,915,OSLO,Norge,Ringnesveien 50,978,OSLO,Norge
20188,Noha Norway AS,945429070,51 81 60 00,,sales@noha.no,Orstadvegen 124,4353,KLEPP STASJON,Norge,Orstadvegen 124,4353,KLEPP STASJON,Norge
20210,Norconsult AS,962392687,67 57 10 00,,firmapost@norconsult.no,Postboks 626,1303,SANDVIKA,Norge,Vestfjordgaten 4,1338,SANDVIKA,Norge
20208,Nordea Finans Norge AS,924507500,22 48 66 00,,marked@nordeafinans.no,Postboks 1166 Sentrum,107,OSLO,Norge,Essendrops gate 7,368,OSLO,Norge
20056,Nordic Hotel Support AB,,,4767165500,petter@nordichotelsupport.no,,,,,,,,
20140,Nordic Safety Engineering AS,977545722,66 85 02 00,,,Postboks 328,1377,BILLINGSTAD,Norge,Billingstadsletta 30,1396,BILLINGSTAD,Norge
20228,Nordic Sportsmaster AS,915995551,,,,Fekjan 29,1394,NESBRU,,,,,
20007,Nordomatic Norge AS,916131305,,,,Enebakkveien 302B,1188,OSLO,Norge,Enebakkveien 302B,1188,OSLO,Norge
20300,Noremax AS,996808289,,938 95 239,,Holbergs gate 3,166,OSLO,,Holbergs gate 3,166,OSLO,Norge
20125,Nore VVS AS,815075692,,,,Sandstuveien 52,1184,OSLO,,,,,
20329,Norfug AS,995647109,,,,Vollaveien 15-19 Bygg 1,668,OSLO,,,,,
20235,Normann Olsen Maskin AS,921502958,67 17 84 00,,nom@nom.no,Postboks 55,1313,VØYENENGA,Norge,Ringeriksv 155/157,1339,VØYENENGA,Norge
20231,Norrøna Storkjøkken Oslo AS,985265984,,,,Postboks 1115 Hillevåg,4095,STAVANGER,,,,,
20237,Norsk Batteriservice,987343761,,901 62 100,morten@handegaard.net,Fossenvegen 5,2080,EIDSVOLL,Norge,Fossenvegen 5,2080,EIDSVOLL,Norge
20146,Norsk Epoxy AS,998396336,,,,Lillestrømveien 892,1912,ENEBAKK,,,,,
20044,Norsk Gjenvinning AS,937270062,22 12 96 60,,ng.oslo@ngn.no,Postboks 567  Skøyen,214,OSLO,Norge,Lysaker torg 35,1366,LYSAKER,Norge
20026,Norsk Gulvservice AS,996475662,,,magnus@ngskog.no,Drammensveien 130,277,OSLO,Norge,Drammensveien 130,277,OSLO,Norge
20135,Norsk Hydros Pensjonskasse,938111545,22 53 21 85,,,Postboks 980  Skøyen,240,OSLO,Norge,Drammensveien 264,283,OSLO,Norge
20070,Norsk Rikskringkasting AS,976390512,23 04 70 00,,dokumentarkivet@nrk.no,Postboks 8500 Majorstuen,340,OSLO,Norge,Bjørnstjerne Bjørnsons plass 1,340,OSLO,Norge
20149,Norsk Sakkyndig Og,923164006,,941 87 767,evensovik@gmail.com,c/o Even B. Søvik,1832,ASKIM,Norge,c/o Even B. Søvik,1832,ASKIM,Norge
20191,Norsk Vvs Energi- og Miljøteknisk,938967814,22 70 83 00,,post@vvs-foreningen.no,Postboks 2843 Tøyen,608,OSLO,Norge,Hagegata 22,653,OSLO,Norge
20425,Notodden Sveiseindustri Svein Ivar Holland,942659059,,,,Semsvegen 89,3676,NOTODDEN,Norge,Tinnegrendvegen 89,3683,NOTODDEN,Norge
20141,Notto Tekstil & Solskjerming AS,819401802,22 70 19 50,,,Postboks 7047 Majorstuen,306,OSLO,Norge,Pilestredet 75D,354,OSLO,Norge
20238,NRC Gravco AS,998586259,,,,Alfasetveien 2,668,OSLO,,,,,
20351,Nti AS,964437130,48 20 33 00,,,Malmskriverveien 35,1337,SANDVIKA,,Malmskriverveien 35,1337,SANDVIKA,Norge
20371,Oakland Norge AS,996125580,,40550527,,Doneheia 109,4516,MANDAL,,Doneheia 109,4516,MANDAL,Norge
20298,Olavesen Rør og Sveis,917660654,,,,Rostadnesveien 21,1667,ROLVSØY,,Rostadnesveien 21,1667,ROLVSØY,Norge
20075,Olje- og Energisenteret AS,992067462,2496,,post@ooes.no,Postboks 343,3301,HOKKSUND,Norge,Loe bruk 16,3300,HOKKSUND,Norge
20169,Onepark AS,998638984,7275,,post@onepark.no,Bøkkerveien 5,579,OSLO,Norge,Bøkkerveien 5,579,OSLO,Norge
20182,Online4u AS,985139822,33 29 32 61,,jlv@online4u.no,Østre Kullerød 5,3241,SANDEFJORD,Norge,Torp-IT,3241,SANDEFJORD,Norge
20037,Oslo-akershus Rørleggerbedrift AS,994920790,,,post@oar.no,Ole Deviks vei 38,668,OSLO,Norge,Ole Deviks vei 38,668,OSLO,Norge
20148,OSLO BYGGINNREDNING AS,998296323,,,,Postboks 2917 Tøyen,608,OSLO,,,,,
20172,Oslo kemnerkontor,990488835,,,,Postboks 4594 Nydalen,404,OSLO,,,,,
20196,Oslo Liftutleie AS,965902937,22 80 61 61,,,Kjeller vest 8,2007,KJELLER,Norge,Persveien 2,581,OSLO,Norge
20225,Oslo Snø & Vedlikehold AS,999647170,,,,Tenorveien 182,1859,SLITU,Norge,Tenorveien 182,1859,SLITU,Norge
20251,OSLO TERMOGRAFI OG BYGGTEKNIKK AS,812166352,,,,Holumbakken 10A,1481,HAGAN,,,,,
20360,Oslo Universitetssykehus Hf,993467049,,,,Postboks 4956 Nydalen,424,OSLO,,Tårnbygget Kirkeveien 166,450,OSLO,Norge
20357,Park trade europe,,,,,,,,,,,,
20373,P Blomst AS,920235921,,,,Idrettsveien 5,1400,SKI,,Idrettsveien 5,1400,SKI,Norge
20152,Pelias Norsk Skadedyrkontroll AS,920312470,,,,Martensvegen 59,2409,ELVERUM,Norge,Martensvegen 59,2409,ELVERUM,Norge
20205,Pervaco AS,925703508,6321,,,Postboks 120,2027,KJELLER,Norge,Kjeller vest 2,2007,KJELLER,Norge
20331,Pil Interiørarkitektur og Design AS,990682747,,,,Wergelandsveien 21,167,OSLO,,Wergelandsveien 21,167,OSLO,
20341,Pingvin Klima AS,983060439,,,,Grensesvingen 9,661,OSLO,,,,,
20118,Plan- og bygningsetaten,971040823,,,,Postboks 364 Sentrum,102,OSLO,,,,,
20093,Port Øst AS,920455441,,,post@portost.no,Tjernsliveien 10B,3538,SOLLIHØGDA,Norge,Tjernsliveien 10B,3538,SOLLIHØGDA,Norge
20154,Powertech Information Systems AS,968031597,23 01 00 00,,post@powertech.no,Postboks 54,1324,LYSAKER,Norge,Snarøyveien 36,1364,FORNEBU,Norge
20454,PRAUSS AS,989708422,,,,LANGODDVEIEN 70A,1367,SNARØYA,,,,,
20065,Primafon AS,993826197,21 05 24 00,,post@primafon.no,Akersbakken 10,172,OSLO,Norge,Akersbakken 10,172,OSLO,Norge
20262,PRIMULATOR AS,918375643,,,,JOHAN SCHARFFENBERGSVEI 95,694,OSLO,,,,,
20337,Pr Maskin AS,892452172,51 48 62 09,97533486,,Postboks 82,4356,KVERNALAND,,Fosseikeveien 20,4323,SANDNES,
20274,Profilteam AS,938184275,62597100,,profilteam@profilteam.no,Elvesletta 25,2323,INGEBERG,Norge,Elvesletta 25,2323,INGEBERG,Norge
20370,Proline Norge AS,991147047,22 95 02 50,,,Frysjaveien 35,884,OSLO,,Frysjaveien 35,884,OSLO,Norge
20114,Proref AS,862318862,,91527000,post@proref.no,Maria Dehlis vei 40,1083,OSLO,Norge,Maria Dehlis vei 40,1083,OSLO,Norge
20421,ProsjektGulv AS,985594953,,,,Postboks 55,3161,Stokke,,,,,
20318,P-service AS,995215977,,41255415,,Jerikoveien 26,1067,OSLO,,Jerikoveien 26,1067,OSLO,
20197,Qicraft Norway AS,983521053,22 96 10 50,,post@qicraft.no,Drammensveien 211,281,OSLO,Norge,Drammensveien 211,281,OSLO,Norge
20293,Radia Mekaniske AS,968131435,,,,PROF. BIRKELANDS VEI 24C,1081,OSLO,,,,,
20153,Ragn Sells AS,952187627,67 91 01 00,,info@ragnsells.no,Postboks 453,1471,LØRENSKOG,Norge,Solheimveien 101,1473,LØRENSKOG,Norge
20167,Rajapack AS,934713710,22 51 40 00,,,Postboks 264,1541,VESTBY,Norge,Treveien 9,1540,VESTBY,Norge
20356,Ramirent AS,984820011,,,,RINGERIKSVEIEN 161,1339,VØYENENGA,,,,,
20168,Rational Norge AS,966539895,22 233 344,,,Postboks 24   KJELSÅS,411,OSLO,Norge,Frysjaveien 33,884,OSLO,Norge
20321,Registerenheten I Brønnøysund,974760673,75 00 75 09,,,Postboks 900,8910,BRØNNØYSUND,,Havnegata 48,8900,BRØNNØYSUND,
20102,Remitek AS,951242012,,,post@remitek.no,Nedre Rommen 5,988,OSLO,Norge,Nedre Rommen 5,988,OSLO,Norge
20398,Renta AS,984188498,55 92 75 10,,,Espehaugen 42,5258,BLOMSTERDALEN,,Espehaugen 42,5258,BLOMSTERDALEN,Norge
20134,Rentokil Initial Norge AS,919669152,23 00 66 00,,info-no@rentokil-initial.com,Postboks 84,2026,SKJETTEN,Norge,Sanitetsveien 17,2013,SKJETTEN,Norge
20288,Reservedel AS,999177735,22 53 53 38,,info@reservedel.no,Industriveien 20A,2020,SKEDSMOKORSET,Norge,Industriveien 20A,2020,SKEDSMOKORSET,Norge
20376,Respo Terrazzo AS,928358461,22 15 55 50,,,Postboks 22 Grefsen,409,OSLO,,Østre Aker vei 103,596,OSLO,Norge
20090,Riise & G G Storkjøkken AS,982118239,67 17 10 00,,post@culinaoslo.no,Holmaveien 20,1339,VØYENENGA,Norge,Holmaveien 20,1339,VØYENENGA,Norge
20236,Roar Jørgensen AS,979656874,32 17 90 00,,mail@roarjorgensen.no,Hvervenmoveien 33,3511,HØNEFOSS,Norge,Hvervenmoveien 33,3511,HØNEFOSS,Norge
20412,Romac AS,923641173,,,,,1067,Oslo,,,,,
20324,Romerike Betongsaging AS,979786506,,,,Postboks 30,2035,HOLTER,,,,,
20461,Ropo Capital Norway AS,913876725,33 48 62 00,,,Postboks 1700 Kilen,3206,SANDEFJORD,Norge,Framnesveien 3A,3222,SANDEFJORD,Norge
20399,Rotif Krysinski,928825094,,,,Fagerstrandveien 73,1363,HØVIK,,Fagerstrandveien 73,1363,HØVIK,Norge
20308,Rsm Advokatfirma AS,914095573,23 11 42 00,,,Postboks 1312 Vika,112,OSLO,,Filipstad brygge 1,252,OSLO,
20219,Rsm Norge AS,982316588,23 11 42 00,,firmapost@rsmnorge.no,Postboks 1312 Vika,112,OSLO,Norge,Filipstad brygge 1,252,OSLO,Norge
20163,Rustfri Sveis og Montering Erik,941302041,,,smonte@online.no,Vestlisvingen 92,969,OSLO,Norge,Vestlisvingen 92,969,OSLO,Norge
20097,Saint-gobain Byggevarer AS,940198178,,40405767,info@weber-norge.no,Postboks 6211 Etterstad,603,OSLO,Norge,Sandstuveien 68,680,OSLO,Norge
20285,Saljex AS,997618181,,,,Karl Johans gate 7,154,OSLO,Norge,Karl Johans gate 7,154,OSLO,Norge
20385,Samsel Project,918085815,,,,Haugjordet 14,1336,SANDVIKA,,Haugjordet 14,1336,SANDVIKA,Norge
20187,Satema AS,856457192,22 57 93 00,,,Postboks 21   Manglerud,612,OSLO,Norge,Enebakkveien 127,680,OSLO,Norge
20179,Sauna Entreprenør AS,998164966,,,,,1395,Hvalstad,,,,,
20074,Schneider Electric Norge AS,916247389,64 98 56 00,,,Postboks 6597 Etterstad,607,OSLO,Norge,Sandstuveien 68,680,OSLO,Norge
20016,Securitas AS,920144950,23 03 88 00,,info@securitas.no,Postboks 100 Alnabru,614,OSLO,Norge,Bøkkerveien 5,579,OSLO,Norge
20267,Sentrum Bygg AS,947117734,23 17 74 00,,kontakt@sentrumbygg.no,Postboks 2    ALNABRU,614,OSLO,Norge,Verkseier Furulunds vei 9,668,OSLO,Norge
20147,Sergel Norge AS,984272170,33 45 60 00,,,Postboks 177,3201,SANDEFJORD,Norge,Framnesveien 7,3222,SANDEFJORD,Norge
20043,Sg Finans AS,987664398,,,post@sgfinans.no,Postboks 105,1325,LYSAKER,Norge,Strandveien 18,1366,LYSAKER,Norge
20268,Sharp Business Systems Norge AS,983639151,23 17 09 50,,,Postboks 143  Alnabru,614,OSLO,Norge,Ole Deviks vei 35,668,OSLO,Norge
20258,Sharp Nordic Finans,975962288,,,,Postboks 184,1325,LYSAKER,,,,,
20217,Shelby Teknikk AS,979989806,51 46 18 00,,post@shelby.no,Postboks 230,4379,EGERSUND,Norge,Varbergveien 60,4371,EGERSUND,Norge
20086,Siemens AS,915826946,22 63 30 00,,post.no@siemens.com,"Postboks 1, Alnabru",613,OSLO,Norge,Østre Aker vei 88,596,OSLO,Norge
20095,Siemens Financial Services,981902122,22 63 49 00,41412350,info.no.sfs@siemens.com,Postboks 1    Alnabru,613,OSLO,Norge,Østre Aker vei 88,596,OSLO,Norge
20409,Sigmund Olsen Agentur AS,936010695,,,,Kirkeveien 54,1395,Hvalstad,,,,,
20226,Sigurd Helmen,969754770,,,,Gammevegen 3,2750,GRAN,,,,,
20145,Sigurd Stave Maskin AS,943056307,23 26 78 00,,mail@stavemaskin.com,Postboks 6159 Etterstad,602,OSLO,Norge,Brynsveien 1,667,OSLO,Norge
20380,Sikkerhetsmakulering AS,924965126,,,,Dokkvegen 8,3920,PORSGRUNN,,,,,
20252,Simployer AS,986419454,,,,Kalnesveien 5,1712,GRÅLUM,,,,,
20218,Sivab Svensk Installasjon Väst AB,,,,info@siv-ab.se,,,,,,,,
20216,Skatteetaten Merverdiavgiftsregnskapet,921455267,,,,Postboks 38,4891,GRIMSTAD,Norge,Jon Lilletuns vei 1,4879,GRIMSTAD,Norge
20316,Skatteetaten - Skatteinnkreving,924616733,,994 40 440,,Drammensveien 256,277,OSLO,,Drammensveien 256,277,OSLO,
20358,Skilt og Dekor AS,943527024,,,,Stabburveien 1A,1617,Fredrikstad,,,,,
20348,Skógr AS,912185060,,,,Drammensveien 130,277,OSLO,,Drammensveien 130,277,OSLO,Norge
20291,SmartDok AS,988578932,,,,Postboks 1057,9503,Alta,,,,,
20049,Smart It AS,998049636,67 90 31 10,,faktura@smartit.no,Grindalsvegen 3,2406,ELVERUM,Norge,Grindalsvegen 3,2406,ELVERUM,Norge
20413,"Sofia Rens, Skorep og Nøkkelfiling AS",812220012,,,,Gladengveien 4,661,OSLO,Norge,Gladengveien 4,661,OSLO,Norge
20394,SOFTGARDEN AS,998885388,,,,Fridtjof Nansens plass 4,160,Oslo,,,,,
20105,Solskjermingsgruppen AS,979813937,22 07 86 86,92299122,post@solskjermingsgruppen.no,Ole Deviks vei 38,668,OSLO,Norge,Ole Deviks vei 38,668,OSLO,Norge
20209,Solvang´s Dekorbyrå AS,984238096,23 00 78 70,,per@solvangs.no,Professor Birkelands vei 27B,1081,OSLO,Norge,Professor Birkelands vei 27B,1081,OSLO,Norge
20013,Somfy Norway AS,915587232,,,info.no@somfy.com,Industriveien 27D,2020,SKEDSMOKORSET,Norge,Industriveien 27D,2020,SKEDSMOKORSET,Norge
20368,Sono Norge AS,991625216,,,,Bredmyra 4,1739,BORGENHAUGEN,,Bredmyra 4,1739,BORGENHAUGEN,Norge
20287,Sparebank 1 Factoring AS,948396882,70 11 36 80,,factoring@sparebank1.no,Postboks 1347 Sentrum,6001,ÅLESUND,Norge,Rasmus Rønnebergs gate 21,6002,ÅLESUND,Norge
20224,Spartacus Helse AS,914819156,,,,Frydenbergveien 46B,575,OSLO,,,,,
20103,St1 Norge AS,913285670,22 66 50 00,,,Postboks 1154 Sentrum,107,OSLO,Norge,Bygg 6,277,OSLO,Norge
20271,Stamina Helse AS,884039312,40 00 17 09,,post@staminagroup.no,Postboks 4903 Nydalen,423,OSLO,Norge,Sinsenveien 53 A,585,OSLO,Norge
20279,Staples Solutions Norway AS,916950381,22 32 95 00,,kontakt@staples.no,Postboks 5 Furuset,1001,OSLO,Norge,Solheimveien 6,1461,LØRENSKOG,Norge
20106,Statens Innkrevingssentral,971648198,75 14 90 00,,firmapost@sismo.no,Postboks 455,8601,MO I RANA,Norge,Terminalveien 2,8624,MO I RANA,Norge
20098,Steco Miljø AS,982351820,,,,,3413,Lier,,,,,
20275,Steen & Lund AS,942493894,,,,Gjellebekkstubben 10,3420,Lierskogen,,,,,
20383,Stellebordspesialisten Norge Filial Av Utenlandsk Foretak,870912072,23 20 91 00,,,c/o KGH Accountancy & VAT Services AS Isebakkeveien 25,1788,HALDEN,,c/o BI Skøtbordspesialisten AB Gudmundsvag 1,,SE-237 00 BJARRED,Sverige
20377,Stena Recycling AS,983594506,35 503 740,,,Dokkvegen 8,3920,PORSGRUNN,,Dokkvegen 8,3920,PORSGRUNN,Norge
20374,Stm Design Ab,892282382,,,,c/o KGH Accountancy & Vat Services AS Isebakkeveien 25,1788,HALDEN,,Låsbomsgatan 9,,SE-589 41 LINKÖPING,Sverige
20375,Stm Design Ab,,,,,Låsbomsgatan 9,58941,Linköping,Sverige,Låsbomsgatan 9,,SE-589 41 LINKÖPING,Sverige
20108,Stopp Tagging AS,987377348,93 40 92 40,926 00 555,vidar@graffi.no,Professor Birkelands vei 24B,1081,OSLO,Norge,Professor Birkelands vei 24B,1081,OSLO,Norge
20081,Storebrand Helseforsikring AS,980126196,22 31 13 13,,infohelse@storebrand.no,Postboks 464,1327,LYSAKER,Norge,Professor Kohts vei 9,1366,LYSAKER,Norge
20080,Storebrand Livsforsikring AS,958995369,8880,,,Postboks 500,1327,LYSAKER,Norge,Professor Kohts vei 9,1366,LYSAKER,Norge
20295,Studentconsulting Norge AS,990659788,4723897555,,,Kongens gate 14,153,OSLO,,Kongens gate 14,153,OSLO,Norge
20395,Sunshine Fysio - Sara Maria Bech Holte,995058049,,467 95 206,,Faunveien 2,781,OSLO,,Faunveien 2,781,OSLO,Norge
20165,Svea Finans NUF,986346422,73 93 06 00,,info@sveafinans.no,Postboks 2220 Sentrum,7412,TRONDHEIM,Norge,Sjøgangen 4,7010,TRONDHEIM,Norge
20144,Sverre W. Monsen AS,916488386,55 94 52 00,,swm@swm.no,Postboks 55 Laksevåg,5847,BERGEN,Norge,Øvre Fyllingsveien 83,5161,LAKSEVÅG,Norge
20076,Sweco Norge AS,967032271,67 12 80 00,,post@sweco.no,Postboks 80   Skøyen,212,OSLO,Norge,Drammensveien 260,283,OSLO,Norge
20310,Teconergy AS,922026939,,,,Holtet 12,3430,SPIKKESTAD,,Holtet 12,3430,SPIKKESTAD,
20438,Telemark Byggutleie AS,981640608,,,,Heddalsveien 41,3674,NOTODDEN,,,,,
20057,Telenor Norge AS,976967631,81 07 70 00,,,Postboks 800,1331,FORNEBU,Norge,Snarøyveien 30,1360,FORNEBU,Norge
20422,Terje Rygg,957807631,22 44 46 30,905 96 858,,Munkedamsveien 84A,270,OSLO,Norge,Munkedamsveien 84A,270,OSLO,Norge
20405,Tess Øst AS,916939787,,,,Postboks 52 Alnabru,614,OSLO,,Verkseier Furulunds vei 9,668,OSLO,Norge
20084,The Pure Water Company AS,977511240,22 96 65 00,,hq@purewater.no,Vollsveien 13C,1366,LYSAKER,Norge,Vollsveien 13C,1366,LYSAKER,Norge
20435,Thermax AS,984757514,,,,Åslyveien 25,3170,SEM,,,,,
20458,Thermoconsult AS,965458409,32 21 90 50,,,Orestien 21,1387,ASKER,Norge,Orestien 21,1387,ASKER,Norge
20354,Thermo Control AS,979439334,23 16 95 00,928 57 385,,Ryensvingen 11,680,OSLO,,Ryensvingen 11,680,OSLO,Norge
20245,Time Park Service AS,991004343,23 08 00 00,,firmapost@olavthon.no,Postboks 489  Sentrum,105,OSLO,Norge,Stenersgata 2,184,OSLO,Norge
20220,Tingstad Emballasje AS,935572355,,,,Prof Birkelandsvei 35,1081,Oslo,,,,,
20077,Tk Elevator Norway AS,828447742,23 17 37 00,,,Postboks 6877 Rodeløkka,504,OSLO,,Brobekkveien 38,598,OSLO,Norge
20381,TKS Heis AS,978681239,,,,Torlandsvegen 3,4365,NÆRBØ,,,,,
20184,T Myhrvold AS,914451892,,,post@myhrvold.no,Postboks 24   KJELSÅS,411,OSLO,Norge,Frysjaveien 33,884,OSLO,Norge
20244,ToolBox AS,887657742,,,,,950,Oslo,,,,,
20107,Tors Tepperens Torgrim Aartun,970459286,67 97 17 70,,,Åmotveien 43,3160,STOKKE,Norge,Åmotveien 43,3160,STOKKE,Norge
20072,Toyota Material Handling Norway AS,925806005,73 82 73 00,,arne.k.hoset@no.toyota-industries.eu,Haakon VII's gate 23C,7041,TRONDHEIM,Norge,Haakon VII's gate 23C,7041,TRONDHEIM,Norge
20159,TRALLEFABRIKKEN AS,980183793,,,,Nygårdsveien 26,1400,SKI,,,,,
20126,Tripletex AS,914286018,+47 22 83 60 00,,,Karenslyst Allé 56,277,OSLO,,,,,
20129,Tropisk Design AS,884528852,22 72 02 10,,,Trondheimsvegen - Kløfta 255,2040,KLØFTA,Norge,Trondheimsvegen - Kløfta 255,2040,KLØFTA,Norge
20386,Trygg Kurs AS,987735155,,,,Storgata 8,155,OSLO,,,,,
20326,Tsw AS,924682272,,,,Bjerkebakken 3B,757,OSLO,,Bjerkebakken 3B,757,OSLO,
20339,Typoform AS,931775553,22 97 52 80,,,Østre Aker vei 19,581,OSLO,,Østre Aker vei 19,581,OSLO,
20038,Unifon AS,987100648,21 67 70 00,,,Vestre Strandgate 27,4611,KRISTIANSAND S,,Vestre Strandgate 27,4611,KRISTIANSAND S,Norge
20067,Unikum AS,928580792,21 52 51 00,,post@unikum.no,Postboks 2076 Grünerløkka,505,OSLO,Norge,Thorvald Meyers gate 9,555,OSLO,Norge
20195,Unisport Scandinavia AS,889734132,32 23 23 30,99575654,norge@unisport.com,Trøgstadveien 4B,1830,ASKIM,Norge,Trøgstadveien 4B,1830,ASKIM,Norge
20022,Uni-tools AS,914384680,,952 20 204,ps@uni-tools.no,Kongeveien 47,1412,SOFIEMYR,Norge,Kongeveien 47,1412,SOFIEMYR,Norge
20069,Upheads AS,980893936,51 95 80 00,,,Postboks 35,4068,STAVANGER,Norge,Vestre Svanholmen 4,4313,SANDNES,Norge
20162,Vaktmesterkompaniet AS,911935589,2317,975 59 425,,Postboks 288  Økern,511,OSLO,Norge,Micheletveien 59,1053,OSLO,Norge
20270,Vanpee Norge AS,976286324,64 83 82 80,,,Hvamsvingen 9,2013,SKJETTEN,Norge,Hvamsvingen 9,2013,SKJETTEN,Norge
20402,Vegfinans AS,983149499,,,,Ingeniør Rybergs gate 99,3027,DRAMMEN,,,,,
20120,Vender AS,992016841,,994 40 440,,Drammensveien 256,277,OSLO,Norge,Drammensveien 256,277,OSLO,Norge
20151,Vender AS,992016841,,994 40 440,,Drammensveien 256,277,OSLO,Norge,Drammensveien 256,277,OSLO,Norge
20157,Verifone Norway AS,861219232,23 24 74 00,,norway.info@verifone.com,Postboks 73,508,OSLO,Norge,Østre Aker vei 24,581,OSLO,Norge
20071,Vertikal Helseassistanse AS,979429096,23 01 48 00,,post@vertikalhelse.no,"Postboks 103, Jessheimbyen",2051,JESSHEIM,Norge,Frøyas gate 15,273,OSLO,Norge
20260,Vika Decorum AS,990588597,,,,c/o JerzyTomczak,672,OSLO,Norge,Cort Adelers gate 27,254,OSLO,Norge
20045,Vinderen Rens AS,938165238,22 49 19 19,,post@vinderenrens.no,Postboks 175  Vinderen,319,OSLO,Norge,Slemdalsveien 72,373,OSLO,Norge
20181,Visitor Systems AS,971594241,63 84 54 54,,,Postboks 158,2026,SKJETTEN,Norge,Hvamsvingen 11,2013,SKJETTEN,Norge
20417,Visma Financial Solutions AS,984842252,46 40 40 00,,,Postboks 204,1541,VESTBY,Norge,Karenslyst allé 56,277,OSLO,Norge
20048,Vuatek AS,916916930,,952 77 523,mads@vuatek.no,PB 88,1620,GRESSVIK,Norge,Øyenkilveien 67,1622,GRESSVIK,Norge
20330,Wakeup Living AS,995676419,,901 09 627,,Postboks 67,2801,GJØVIK,,Strandgata 13C,2815,GJØVIK,
20429,WALL-IT AS,915623433,,,,Skøyensvingen 14G,375,OSLO,,,,,
20198,Wallop Concepts AS,917762112,,,,Schouterrassen 34,573,OSLO,Norge,Schouterrassen 34,573,OSLO,Norge
20404,Weishaupt Norge AS,932062275,22 51 14 00,,,Kongsvingervegen 37,2040,KLØFTA,,Kongsvingervegen 37,2040,KLØFTA,Norge
20397,Westbys Lås & Innbruddssikring AS,983684491,,,,Postboks 13 Haugenstua,915,OSLO,,,,,
20079,WINDSOR DOOR AS,929087461,,,,Vågsmarka 7,5680,TYSNES,,,,,
20462,Witre AS,933249352,69 17 87 00,,,Postboks 235,1752,HALDEN,Norge,Langbrygga 9,1767,HALDEN,Norge
20401,Wj Business Partner AS,924496150,,,,Olaf Helsets vei 5,694,OSLO,,Olaf Helsets vei 5,694,OSLO,Norge
20018,Wulff Supplies AS,993447773,,,kundeservice@wulffsupplies.no,4 etg,667,OSLO,Norge,4 etg,667,OSLO,Norge
20352,Wurth Norge AS,831018682,46 40 15 00,,,Morteveien 12,1481,HAGAN,,Morteveien 12,1481,HAGAN,Norge
20387,YX-Norge AS,895453102,,,,Postboks 6470 Etterstad,605,OSLO,,,,,
20427,Zg Lighting Norway AS,918417141,22 54 72 00,,,Postboks 2522 Solli,202,OSLO,Norge,Bygdøy allé 4,257,OSLO,Norge
20365,ZINC AS,982031613,,,,Drammensveien 130,277,Oslo,,,,,
20437,Øpstad Elektro AS,912580040,,,,Slalåmveien 20D,1350,LOMMEDALEN,Norge,Slalåmveien 20D,1350,LOMMEDALEN,Norge
20388,Ørn Software AS,979443471,,,,Postboks 353,1502,MOSS,,,,,
20099,Östberg Norge AS,939625593,67 17 77 00,,post@ostbergnorge.no,Løxaveien 13,1351,RUD,Norge,Løxaveien 13,1351,RUD,Norge
